ax,ay,az,gx,gy,gz,target
6.06,-0.73,7.39,0.27,-0.07,-0.03,IDLE2
5.99,-1.26,7.91,0.25,-0.09,-0.0,IDLE2
6.24,-1.13,8.24,0.27,-0.11,0.02,IDLE2
6.41,-0.75,7.88,0.3,-0.1,0.0,IDLE2
6.21,-0.79,7.75,0.28,-0.08,-0.02,IDLE2
5.64,-1.11,8.04,0.25,-0.08,-0.0,IDLE2
5.63,-1.16,8.1,0.27,-0.08,0.02,IDLE2
6.4,-0.87,7.46,0.3,-0.09,0.0,IDLE2
6.74,-0.77,7.65,0.28,-0.1,-0.02,IDLE2
6.02,-1.11,8.41,0.25,-0.1,0.0,IDLE2
5.58,-1.02,8.31,0.28,-0.08,0.02,IDLE2
6.0,-0.81,7.5,0.3,-0.08,0.0,IDLE2
6.52,-0.92,7.37,0.27,-0.09,-0.02,IDLE2
6.24,-1.12,8.01,0.25,-0.1,0.0,IDLE2
6.22,-1.02,8.35,0.28,-0.11,0.02,IDLE2
6.17,-0.87,7.92,0.31,-0.09,0.0,IDLE2
6.02,-0.79,7.57,0.28,-0.07,-0.02,IDLE2
5.79,-1.07,7.87,0.25,-0.08,-0.0,IDLE2
6.2,-1.1,7.94,0.28,-0.1,0.02,IDLE2
6.64,-0.83,7.66,0.3,-0.11,0.0,IDLE2
6.54,-0.81,7.86,0.27,-0.1,-0.02,IDLE2
5.74,-0.96,8.26,0.26,-0.08,-0.0,IDLE2
5.62,-1.09,8.04,0.28,-0.08,0.02,IDLE2
6.22,-0.99,7.52,0.29,-0.09,0.0,IDLE2
6.67,-0.83,7.54,0.27,-0.1,-0.02,IDLE2
6.34,-0.94,8.05,0.25,-0.11,-0.0,IDLE2
6.0,-1.14,8.37,0.29,-0.1,0.02,IDLE2
5.98,-0.88,7.86,0.3,-0.08,0.01,IDLE2
6.04,-0.73,7.41,0.27,-0.07,-0.02,IDLE2
6.11,-1.03,7.91,0.25,-0.09,-0.0,IDLE2
6.32,-1.16,8.12,0.28,-0.11,0.02,IDLE2
6.56,-0.85,7.93,0.3,-0.1,0.01,IDLE2
6.23,-0.8,7.93,0.27,-0.08,-0.02,IDLE2
5.58,-0.91,8.09,0.25,-0.07,-0.01,IDLE2
5.79,-1.25,7.92,0.27,-0.08,0.02,IDLE2
6.55,-0.94,7.54,0.29,-0.1,0.01,IDLE2
6.62,-0.77,7.75,0.28,-0.1,-0.02,IDLE2
5.82,-0.95,8.39,0.26,-0.08,-0.01,IDLE2
5.74,-1.21,8.37,0.28,-0.09,0.02,IDLE2
5.94,-0.78,7.64,0.3,-0.08,0.0,IDLE2
6.32,-0.88,7.38,0.27,-0.09,-0.02,IDLE2
6.28,-1.0,8.04,0.25,-0.1,-0.0,IDLE2
6.18,-1.16,8.34,0.28,-0.11,0.02,IDLE2
6.0,-0.81,7.89,0.3,-0.09,0.01,IDLE2
6.03,-0.72,7.69,0.28,-0.07,-0.02,IDLE2
5.7,-1.02,7.88,0.25,-0.08,-0.01,IDLE2
6.1,-1.28,7.95,0.27,-0.1,0.02,IDLE2
6.59,-0.79,7.77,0.3,-0.11,0.01,IDLE2
6.39,-0.79,7.86,0.28,-0.09,-0.02,IDLE2
5.68,-0.98,8.22,0.25,-0.08,-0.01,IDLE2
5.62,-1.15,8.16,0.28,-0.08,0.02,IDLE2
6.01,-0.8,7.53,0.29,-0.08,0.0,IDLE2
6.58,-0.88,7.46,0.27,-0.1,-0.02,IDLE2
6.29,-0.94,8.15,0.25,-0.11,-0.0,IDLE2
5.89,-1.13,8.35,0.28,-0.1,0.02,IDLE2
5.88,-0.79,7.79,0.3,-0.08,0.01,IDLE2
6.01,-0.75,7.47,0.28,-0.07,-0.02,IDLE2
5.98,-1.11,7.84,0.25,-0.09,-0.01,IDLE2
6.33,-1.17,8.03,0.27,-0.11,0.02,IDLE2
6.37,-0.72,7.89,0.3,-0.1,0.01,IDLE2
6.14,-0.91,7.89,0.28,-0.08,-0.02,IDLE2
5.64,-0.98,7.97,0.25,-0.07,-0.01,IDLE2
5.67,-1.17,7.98,0.27,-0.08,0.02,IDLE2
6.33,-0.86,7.51,0.3,-0.1,0.01,IDLE2
6.73,-0.81,7.64,0.28,-0.1,-0.02,IDLE2
6.01,-1.01,8.35,0.25,-0.1,-0.01,IDLE2
5.68,-1.11,8.21,0.28,-0.08,0.02,IDLE2
5.9,-0.8,7.63,0.3,-0.08,0.01,IDLE2
6.44,-0.96,7.49,0.27,-0.09,-0.02,IDLE2
6.22,-1.1,7.88,0.25,-0.1,-0.01,IDLE2
6.27,-1.07,8.14,0.28,-0.11,0.02,IDLE2
6.15,-0.86,7.93,0.31,-0.09,0.01,IDLE2
5.96,-0.84,7.73,0.28,-0.07,-0.02,IDLE2
5.77,-0.98,7.82,0.25,-0.08,-0.01,IDLE2
5.93,-1.17,7.77,0.27,-0.09,0.02,IDLE2
6.59,-0.88,7.7,0.3,-0.11,0.01,IDLE2
6.51,-0.82,7.93,0.28,-0.1,-0.02,IDLE2
5.73,-0.92,8.32,0.25,-0.08,-0.01,IDLE2
5.65,-1.03,7.93,0.28,-0.08,0.02,IDLE2
6.16,-0.98,7.56,0.3,-0.09,0.01,IDLE2
6.6,-0.94,7.66,0.27,-0.1,-0.02,IDLE2
6.29,-0.89,8.01,0.25,-0.11,-0.0,IDLE2
6.05,-1.05,8.22,0.28,-0.1,0.02,IDLE2
6.0,-0.93,7.86,0.3,-0.09,0.01,IDLE2
5.96,-0.84,7.57,0.27,-0.08,-0.02,IDLE2
6.03,-0.92,7.85,0.24,-0.09,-0.01,IDLE2
6.41,-1.0,8.01,0.28,-0.12,0.02,IDLE2
6.55,-0.88,7.86,0.3,-0.11,0.01,IDLE2
6.17,-0.95,8.03,0.28,-0.09,-0.02,IDLE2
5.6,-0.79,7.98,0.25,-0.07,-0.01,IDLE2
5.86,-1.09,7.76,0.28,-0.09,0.01,IDLE2
6.49,-1.08,7.59,0.3,-0.11,0.01,IDLE2
6.56,-0.88,7.96,0.27,-0.1,-0.01,IDLE2
6.14,-0.78,8.12,0.25,-0.1,-0.01,IDLE2
5.88,-1.06,8.2,0.29,-0.09,0.02,IDLE2
5.9,-0.92,7.78,0.3,-0.08,0.01,IDLE2
6.14,-0.99,7.6,0.27,-0.08,-0.02,IDLE2
6.32,-0.77,7.78,0.25,-0.09,-0.01,IDLE2
6.3,-1.12,8.22,0.29,-0.11,0.02,IDLE2
6.29,-0.97,8.03,0.3,-0.11,0.02,IDLE2
5.91,-0.87,7.93,0.27,-0.07,-0.02,IDLE2
5.66,-0.7,7.72,0.25,-0.07,-0.02,IDLE2
6.22,-1.23,7.83,0.28,-0.1,0.02,IDLE2
6.54,-0.96,7.89,0.3,-0.12,0.02,IDLE2
6.26,-0.85,8.08,0.28,-0.09,-0.02,IDLE2
5.88,-0.69,8.18,0.26,-0.08,-0.01,IDLE2
5.78,-1.15,8.04,0.28,-0.09,0.01,IDLE2
5.97,-1.03,7.68,0.29,-0.09,0.01,IDLE2
6.41,-0.92,7.64,0.27,-0.09,-0.02,IDLE2
6.34,-0.64,7.96,0.26,-0.1,-0.02,IDLE2
6.08,-1.25,8.38,0.29,-0.1,0.02,IDLE2
5.98,-1.05,8.11,0.3,-0.1,0.02,IDLE2
5.79,-0.79,7.71,0.27,-0.06,-0.02,IDLE2
5.97,-0.74,7.66,0.25,-0.08,-0.02,IDLE2
6.48,-1.27,8.02,0.28,-0.12,0.02,IDLE2
6.32,-0.95,8.16,0.3,-0.11,0.02,IDLE2
5.98,-0.82,7.99,0.28,-0.07,-0.02,IDLE2
5.72,-0.59,8.04,0.26,-0.06,-0.02,IDLE2
5.84,-1.29,8.01,0.28,-0.09,0.02,IDLE2
6.18,-1.03,7.73,0.29,-0.1,0.02,IDLE2
6.52,-0.81,7.72,0.27,-0.09,-0.02,IDLE2
6.16,-0.64,8.07,0.26,-0.09,-0.02,IDLE2
5.83,-1.31,8.39,0.28,-0.09,0.02,IDLE2
5.73,-0.91,8.05,0.29,-0.09,0.02,IDLE2
5.95,-0.88,7.53,0.27,-0.07,-0.02,IDLE2
6.33,-0.73,7.66,0.26,-0.09,-0.02,IDLE2
6.42,-1.32,8.35,0.28,-0.12,0.02,IDLE2
5.99,-0.89,8.18,0.3,-0.1,0.02,IDLE2
5.9,-0.76,7.7,0.28,-0.06,-0.02,IDLE2
5.72,-0.69,7.76,0.26,-0.06,-0.02,IDLE2
6.07,-1.45,8.01,0.27,-0.1,0.02,IDLE2
6.38,-0.86,7.84,0.29,-0.11,0.02,IDLE2
6.45,-0.79,7.87,0.28,-0.09,-0.02,IDLE2
5.91,-0.74,8.08,0.26,-0.08,-0.02,IDLE2
5.65,-1.36,8.21,0.27,-0.09,0.02,IDLE2
5.72,-0.81,7.84,0.29,-0.08,0.02,IDLE2
6.34,-0.9,7.47,0.28,-0.08,-0.02,IDLE2
6.46,-0.74,7.77,0.26,-0.1,-0.02,IDLE2
6.13,-1.37,8.46,0.27,-0.11,0.02,IDLE2
5.75,-0.82,8.1,0.3,-0.08,0.02,IDLE2
5.98,-0.79,7.51,0.28,-0.06,-0.02,IDLE2
6.19,-0.84,7.58,0.26,-0.09,-0.02,IDLE2
6.26,-1.4,8.07,0.27,-0.11,0.02,IDLE2
6.34,-0.82,8.06,0.3,-0.11,0.02,IDLE2
6.24,-0.87,7.92,0.28,-0.08,-0.02,IDLE2
5.74,-0.71,7.86,0.26,-0.07,-0.02,IDLE2
5.75,-1.38,8.05,0.26,-0.09,0.02,IDLE2
6.17,-0.91,7.78,0.29,-0.1,0.02,IDLE2
6.62,-0.86,7.55,0.28,-0.09,-0.02,IDLE2
6.37,-0.72,8.0,0.26,-0.1,-0.02,IDLE2
5.77,-1.28,8.46,0.27,-0.1,0.02,IDLE2
5.63,-0.81,7.98,0.3,-0.07,0.01,IDLE2
6.23,-0.93,7.38,0.28,-0.08,-0.02,IDLE2
6.42,-0.81,7.67,0.26,-0.1,-0.02,IDLE2
6.31,-1.26,8.2,0.27,-0.12,0.02,IDLE2
6.11,-0.87,8.17,0.3,-0.1,0.02,IDLE2
6.02,-0.89,7.83,0.28,-0.07,-0.02,IDLE2
5.77,-0.73,7.65,0.26,-0.07,-0.02,IDLE2
6.0,-1.34,8.02,0.26,-0.1,0.02,IDLE2
6.35,-0.91,7.97,0.3,-0.11,0.02,IDLE2
6.6,-0.84,7.79,0.28,-0.1,-0.01,IDLE2
6.05,-0.77,8.12,0.26,-0.08,-0.02,IDLE2
5.61,-1.22,8.26,0.27,-0.08,0.02,IDLE2
5.76,-0.98,7.88,0.29,-0.08,0.02,IDLE2
6.49,-0.93,7.47,0.28,-0.09,-0.01,IDLE2
6.5,-0.71,7.78,0.26,-0.1,-0.02,IDLE2
6.25,-1.22,8.3,0.27,-0.12,0.02,IDLE2
5.84,-0.99,8.24,0.3,-0.09,0.02,IDLE2
5.92,-0.8,7.67,0.28,-0.07,-0.02,IDLE2
6.04,-0.78,7.57,0.26,-0.08,-0.02,IDLE2
6.27,-1.24,8.1,0.27,-0.11,0.02,IDLE2
6.25,-1.02,8.28,0.3,-0.1,0.02,IDLE2
6.37,-0.85,7.92,0.28,-0.09,-0.01,IDLE2
5.79,-0.67,7.97,0.26,-0.07,-0.02,IDLE2
5.66,-1.24,8.04,0.27,-0.08,0.01,IDLE2
6.03,-1.1,7.83,0.29,-0.09,0.02,IDLE2
6.65,-0.82,7.64,0.28,-0.1,-0.01,IDLE2
6.27,-0.64,8.02,0.27,-0.09,-0.02,IDLE2
5.97,-1.25,8.39,0.27,-0.1,0.02,IDLE2
5.67,-1.07,8.18,0.3,-0.08,0.02,IDLE2
6.05,-0.8,7.47,0.28,-0.07,-0.01,IDLE2
6.32,-0.7,7.5,0.26,-0.08,-0.02,IDLE2
6.32,-1.24,8.3,0.27,-0.12,0.02,IDLE2
5.96,-1.06,8.36,0.3,-0.1,0.02,IDLE2
6.05,-0.83,7.93,0.28,-0.08,-0.01,IDLE2
5.76,-0.56,7.68,0.26,-0.06,-0.03,IDLE2
5.89,-1.36,8.03,0.26,-0.09,0.01,IDLE2
6.28,-1.1,7.99,0.29,-0.11,0.02,IDLE2
6.51,-0.76,7.89,0.29,-0.09,-0.01,IDLE2
6.0,-0.68,8.03,0.27,-0.08,-0.02,IDLE2
5.69,-1.26,8.4,0.27,-0.09,0.01,IDLE2
5.66,-1.08,8.05,0.29,-0.08,0.02,IDLE2
6.3,-0.87,7.43,0.28,-0.08,-0.01,IDLE2
6.52,-0.68,7.69,0.26,-0.1,-0.02,IDLE2
6.12,-1.26,8.49,0.27,-0.11,0.02,IDLE2
5.7,-1.0,8.29,0.29,-0.08,0.02,IDLE2
5.89,-0.78,7.75,0.29,-0.07,-0.01,IDLE2
5.91,-0.73,7.5,0.26,-0.07,-0.03,IDLE2
6.19,-1.35,8.11,0.26,-0.1,0.01,IDLE2
6.33,-0.98,8.19,0.29,-0.11,0.02,IDLE2
6.23,-0.79,7.96,0.29,-0.08,-0.01,IDLE2
5.84,-0.65,7.77,0.27,-0.07,-0.03,IDLE2
5.62,-1.27,8.26,0.26,-0.08,0.01,IDLE2
5.83,-1.07,7.88,0.29,-0.08,0.02,IDLE2
6.59,-0.8,7.55,0.29,-0.09,-0.01,IDLE2
6.46,-0.66,7.83,0.27,-0.09,-0.02,IDLE2
5.78,-1.24,8.49,0.26,-0.09,0.01,IDLE2
5.6,-1.0,8.13,0.29,-0.07,0.02,IDLE2
5.91,-0.74,7.59,0.28,-0.06,-0.01,IDLE2
6.24,-0.77,7.45,0.26,-0.08,-0.03,IDLE2
6.3,-1.24,8.23,0.26,-0.11,0.01,IDLE2
6.13,-1.02,8.26,0.29,-0.1,0.02,IDLE2
6.05,-0.75,7.77,0.29,-0.07,-0.01,IDLE2
5.88,-0.69,7.48,0.27,-0.07,-0.03,IDLE2
5.67,-1.26,8.07,0.26,-0.08,0.01,IDLE2
6.16,-1.11,7.9,0.29,-0.1,0.02,IDLE2
6.64,-0.77,7.73,0.29,-0.1,-0.0,IDLE2
6.19,-0.7,7.99,0.27,-0.08,-0.02,IDLE2
5.55,-1.14,8.3,0.26,-0.08,0.01,IDLE2
5.71,-1.1,7.88,0.29,-0.08,0.02,IDLE2
6.42,-0.88,7.44,0.28,-0.09,-0.0,IDLE2
6.47,-0.71,7.51,0.26,-0.09,-0.02,IDLE2
6.23,-1.15,8.3,0.26,-0.11,0.01,IDLE2
5.85,-1.08,8.26,0.29,-0.09,0.02,IDLE2
5.89,-0.73,7.65,0.29,-0.07,-0.01,IDLE2
6.11,-0.76,7.39,0.27,-0.08,-0.03,IDLE2
6.24,-1.24,8.01,0.26,-0.11,0.01,IDLE2
6.33,-1.13,8.07,0.29,-0.11,0.02,IDLE2
6.37,-0.73,7.91,0.29,-0.09,-0.0,IDLE2
6.04,-0.69,7.82,0.28,-0.07,-0.03,IDLE2
5.59,-1.27,8.04,0.25,-0.08,0.01,IDLE2
5.91,-1.14,7.85,0.28,-0.09,0.02,IDLE2
6.67,-0.67,7.47,0.29,-0.09,-0.0,IDLE2
6.65,-0.68,7.64,0.28,-0.1,-0.02,IDLE2
5.94,-1.28,8.45,0.26,-0.1,0.01,IDLE2
5.6,-1.02,8.19,0.28,-0.08,0.02,IDLE2
6.09,-0.7,7.35,0.29,-0.07,-0.01,IDLE2
6.44,-0.82,7.48,0.27,-0.09,-0.02,IDLE2
6.29,-1.22,8.22,0.25,-0.11,0.01,IDLE2
6.24,-1.04,8.14,0.28,-0.1,0.02,IDLE2
6.18,-0.7,7.76,0.3,-0.08,-0.0,IDLE2
5.92,-0.71,7.64,0.27,-0.07,-0.03,IDLE2
5.83,-1.25,7.96,0.25,-0.09,0.0,IDLE2
6.23,-1.09,7.9,0.28,-0.1,0.02,IDLE2
6.58,-0.68,7.73,0.3,-0.1,-0.0,IDLE2
6.45,-0.69,7.92,0.28,-0.09,-0.03,IDLE2
5.72,-1.17,8.39,0.26,-0.08,0.01,IDLE2
5.57,-1.1,8.06,0.28,-0.08,0.02,IDLE2
6.23,-0.78,7.35,0.29,-0.08,-0.0,IDLE2
6.72,-0.79,7.57,0.27,-0.1,-0.02,IDLE2
6.1,-1.14,8.46,0.25,-0.11,0.01,IDLE2
5.9,-1.09,8.36,0.28,-0.1,0.02,IDLE2
5.98,-0.7,7.64,0.3,-0.07,-0.0,IDLE2
6.12,-0.76,7.44,0.27,-0.08,-0.03,IDLE2
6.06,-1.26,8.09,0.25,-0.1,0.01,IDLE2
6.29,-1.02,8.11,0.28,-0.11,0.02,IDLE2
6.4,-0.75,7.73,0.3,-0.09,0.0,IDLE2
6.16,-0.76,7.99,0.28,-0.08,-0.02,IDLE2
5.55,-1.16,8.26,0.25,-0.07,0.0,IDLE2
5.79,-1.13,7.93,0.27,-0.08,0.02,IDLE2
6.62,-0.78,7.35,0.3,-0.1,0.0,IDLE2
6.6,-0.8,7.81,0.28,-0.1,-0.02,IDLE2
5.79,-1.16,8.52,0.25,-0.09,0.0,IDLE2
5.62,-0.99,8.15,0.28,-0.08,0.02,IDLE2
6.01,-0.69,7.43,0.3,-0.08,-0.0,IDLE2
6.32,-0.92,7.45,0.27,-0.08,-0.02,IDLE2
6.25,-1.19,8.17,0.25,-0.11,0.0,IDLE2
6.13,-1.01,8.35,0.28,-0.1,0.02,IDLE2
6.14,-0.74,7.71,0.31,-0.09,0.0,IDLE2
6.02,-0.88,7.58,0.28,-0.08,-0.02,IDLE2
5.65,-1.21,8.07,0.25,-0.08,0.0,IDLE2
6.1,-1.07,7.93,0.27,-0.09,0.02,IDLE2
6.72,-0.69,7.64,0.3,-0.11,0.0,IDLE2
6.4,-0.93,8.0,0.28,-0.1,-0.02,IDLE2
5.54,-1.1,8.46,0.24,-0.07,-0.0,IDLE2
5.68,-0.98,7.93,0.27,-0.07,0.01,IDLE2
6.21,-0.79,7.32,0.3,-0.08,0.0,IDLE2
6.61,-1.01,7.61,0.28,-0.1,-0.02,IDLE2
6.16,-1.06,8.39,0.24,-0.1,0.0,IDLE2
5.89,-0.95,8.31,0.28,-0.08,0.01,IDLE2
6.07,-0.78,7.68,0.31,-0.08,0.0,IDLE2
6.15,-1.03,7.56,0.27,-0.09,-0.02,IDLE2
6.07,-1.04,8.06,0.24,-0.09,-0.0,IDLE2
6.34,-0.88,7.94,0.28,-0.1,0.02,IDLE2
6.53,-0.84,7.85,0.31,-0.1,0.01,IDLE2
6.07,-1.07,8.07,0.28,-0.08,-0.02,IDLE2
5.45,-0.94,8.1,0.24,-0.07,-0.01,IDLE2
5.98,-0.97,7.74,0.28,-0.09,0.01,IDLE2
6.7,-0.95,7.61,0.31,-0.11,0.01,IDLE2
6.63,-1.03,7.86,0.27,-0.11,-0.02,IDLE2
5.88,-0.95,8.51,0.24,-0.09,-0.0,IDLE2
5.73,-0.88,8.07,0.28,-0.08,0.01,IDLE2
6.08,-0.93,7.59,0.31,-0.09,0.01,IDLE2
6.38,-1.17,7.62,0.27,-0.1,-0.02,IDLE2
6.16,-0.83,8.05,0.24,-0.1,-0.0,IDLE2
6.31,-0.88,8.07,0.29,-0.1,0.01,IDLE2
6.25,-0.96,7.92,0.31,-0.1,0.01,IDLE2
5.93,-0.99,7.81,0.27,-0.08,-0.02,IDLE2
5.62,-0.91,7.87,0.24,-0.07,-0.01,IDLE2
6.31,-0.97,7.7,0.29,-0.1,0.01,IDLE2
6.66,-0.94,7.88,0.31,-0.12,0.01,IDLE2
6.42,-1.06,8.08,0.28,-0.1,-0.01,IDLE2
5.55,-0.81,8.33,0.24,-0.07,-0.01,IDLE2
5.72,-0.89,7.76,0.28,-0.07,0.01,IDLE2
6.28,-1.07,7.54,0.3,-0.1,0.01,IDLE2
6.55,-1.06,7.8,0.27,-0.11,-0.01,IDLE2
6.02,-0.68,8.12,0.24,-0.09,-0.01,IDLE2
6.16,-0.91,8.03,0.29,-0.09,0.01,IDLE2
6.04,-1.01,7.88,0.31,-0.09,0.01,IDLE2
5.93,-1.0,7.75,0.27,-0.08,-0.02,IDLE2
5.98,-0.74,7.75,0.24,-0.08,-0.01,IDLE2
6.46,-0.93,7.85,0.29,-0.11,0.01,IDLE2
6.34,-1.1,8.13,0.31,-0.11,0.02,IDLE2
6.11,-1.04,8.19,0.27,-0.09,-0.01,IDLE2
5.49,-0.62,8.0,0.24,-0.06,-0.01,IDLE2
5.93,-1.0,7.65,0.28,-0.08,0.01,IDLE2
6.57,-1.17,7.69,0.3,-0.12,0.02,IDLE2
6.46,-0.99,8.04,0.27,-0.1,-0.01,IDLE2
5.78,-0.57,8.2,0.25,-0.07,-0.01,IDLE2
5.88,-0.98,8.12,0.29,-0.08,0.01,IDLE2
5.97,-1.03,7.81,0.3,-0.09,0.01,IDLE2
6.13,-1.12,7.71,0.27,-0.08,-0.02,IDLE2
6.21,-0.59,7.79,0.24,-0.09,-0.01,IDLE2
6.34,-1.01,8.14,0.29,-0.11,0.01,IDLE2
6.08,-1.09,8.07,0.3,-0.1,0.02,IDLE2
5.9,-1.01,8.09,0.27,-0.08,-0.02,IDLE2
5.55,-0.63,7.72,0.24,-0.06,-0.02,IDLE2
6.26,-1.14,7.78,0.28,-0.1,0.01,IDLE2
6.63,-1.05,7.87,0.3,-0.12,0.02,IDLE2
6.21,-1.0,8.22,0.27,-0.09,-0.01,IDLE2
5.58,-0.53,8.04,0.25,-0.06,-0.02,IDLE2
5.8,-1.0,7.99,0.29,-0.08,0.01,IDLE2
6.07,-1.14,7.72,0.3,-0.1,0.02,IDLE2
6.36,-1.05,7.73,0.27,-0.09,-0.01,IDLE2
6.22,-0.53,7.88,0.25,-0.09,-0.01,IDLE2
6.11,-1.11,8.19,0.29,-0.1,0.01,IDLE2
5.88,-1.13,8.03,0.3,-0.09,0.02,IDLE2
5.89,-0.92,7.63,0.27,-0.07,-0.02,IDLE2
5.87,-0.63,7.59,0.24,-0.07,-0.02,IDLE2
6.5,-1.13,7.87,0.28,-0.11,0.01,IDLE2
6.42,-1.12,8.15,0.3,-0.12,0.02,IDLE2
5.9,-0.95,8.11,0.27,-0.08,-0.01,IDLE2
5.57,-0.47,7.63,0.25,-0.06,-0.02,IDLE2
5.82,-1.06,7.84,0.28,-0.08,0.01,IDLE2
6.32,-1.24,7.75,0.3,-0.11,0.02,IDLE2
6.49,-0.92,7.91,0.27,-0.1,-0.01,IDLE2
6.03,-0.51,8.02,0.26,-0.08,-0.02,IDLE2
5.83,-1.13,8.11,0.29,-0.08,0.01,IDLE2
5.83,-1.15,7.99,0.29,-0.09,0.02,IDLE2
6.21,-1.0,7.6,0.27,-0.08,-0.01,IDLE2
6.2,-0.58,7.57,0.25,-0.08,-0.02,IDLE2
6.48,-1.12,8.06,0.29,-0.11,0.01,IDLE2
6.09,-1.24,8.29,0.3,-0.11,0.02,IDLE2
5.78,-0.84,7.9,0.27,-0.07,-0.01,IDLE2
5.76,-0.55,7.48,0.25,-0.07,-0.02,IDLE2
6.37,-1.28,7.78,0.28,-0.11,0.01,IDLE2
6.51,-1.18,7.94,0.29,-0.12,0.02,IDLE2
6.31,-0.88,8.07,0.27,-0.09,-0.01,IDLE2
5.76,-0.51,7.99,0.26,-0.07,-0.02,IDLE2
5.77,-1.15,7.87,0.28,-0.08,0.01,IDLE2
6.0,-1.27,7.91,0.29,-0.1,0.02,IDLE2
6.49,-0.89,7.67,0.27,-0.1,-0.01,IDLE2
6.33,-0.49,7.67,0.25,-0.09,-0.02,IDLE2
6.24,-1.15,8.11,0.29,-0.11,0.01,IDLE2
5.88,-1.18,8.27,0.3,-0.1,0.02,IDLE2
5.78,-0.81,7.67,0.27,-0.07,-0.01,IDLE2
6.11,-0.57,7.45,0.25,-0.07,-0.02,IDLE2
6.4,-1.23,7.73,0.28,-0.11,0.01,IDLE2
6.45,-1.2,8.22,0.29,-0.12,0.03,IDLE2
6.04,-0.86,8.09,0.28,-0.08,-0.01,IDLE2
5.68,-0.46,7.78,0.26,-0.06,-0.02,IDLE2
5.88,-1.31,7.76,0.28,-0.09,0.01,IDLE2
6.23,-1.25,8.01,0.29,-0.11,0.03,IDLE2
6.53,-0.72,7.84,0.28,-0.1,-0.01,IDLE2
6.28,-0.45,7.87,0.26,-0.09,-0.02,IDLE2
5.95,-1.28,8.26,0.28,-0.1,0.01,IDLE2
5.66,-1.15,8.21,0.29,-0.08,0.02,IDLE2
6.03,-0.82,7.49,0.27,-0.07,-0.01,IDLE2
6.44,-0.49,7.53,0.27,-0.09,-0.02,IDLE2
6.49,-1.3,8.02,0.28,-0.12,0.02,IDLE2
6.13,-1.19,8.42,0.29,-0.11,0.03,IDLE2
5.88,-0.73,7.88,0.28,-0.07,-0.01,IDLE2
5.81,-0.48,7.47,0.26,-0.06,-0.03,IDLE2
6.13,-1.47,8.02,0.27,-0.1,0.01,IDLE2
6.27,-1.09,8.18,0.28,-0.11,0.03,IDLE2
6.52,-0.67,7.76,0.28,-0.09,-0.01,IDLE2
6.1,-0.5,7.96,0.27,-0.08,-0.02,IDLE2
5.75,-1.4,8.37,0.27,-0.09,0.01,IDLE2
5.64,-1.07,8.07,0.28,-0.08,0.02,IDLE2
6.42,-0.77,7.43,0.28,-0.08,-0.01,IDLE2
6.6,-0.6,7.66,0.27,-0.1,-0.02,IDLE2
6.0,-1.46,8.57,0.27,-0.1,0.02,IDLE2
5.72,-1.04,8.42,0.29,-0.09,0.03,IDLE2
5.88,-0.64,7.54,0.29,-0.06,-0.02,IDLE2
6.13,-0.69,7.38,0.27,-0.08,-0.03,IDLE2
6.3,-1.47,8.22,0.26,-0.11,0.02,IDLE2
6.15,-0.9,8.28,0.29,-0.1,0.02,IDLE2
6.12,-0.69,7.8,0.3,-0.07,-0.01,IDLE2
5.94,-0.64,7.85,0.27,-0.07,-0.03,IDLE2
5.64,-1.43,8.2,0.26,-0.09,0.01,IDLE2
5.92,-0.99,7.92,0.28,-0.09,0.02,IDLE2
6.65,-0.7,7.57,0.29,-0.09,-0.01,IDLE2
6.44,-0.7,7.85,0.27,-0.09,-0.02,IDLE2
5.69,-1.37,8.49,0.26,-0.09,0.01,IDLE2
5.58,-0.88,8.26,0.29,-0.08,0.02,IDLE2
6.01,-0.75,7.46,0.29,-0.07,-0.01,IDLE2
6.45,-0.77,7.42,0.27,-0.09,-0.03,IDLE2
6.34,-1.36,8.3,0.26,-0.12,0.02,IDLE2
5.87,-0.92,8.33,0.29,-0.09,0.02,IDLE2
5.97,-0.75,7.71,0.29,-0.07,-0.01,IDLE2
5.89,-0.65,7.55,0.27,-0.07,-0.03,IDLE2
5.86,-1.4,8.04,0.25,-0.09,0.01,IDLE2
6.18,-0.97,7.94,0.29,-0.1,0.02,IDLE2
6.56,-0.76,7.81,0.29,-0.09,-0.01,IDLE2
6.16,-0.7,7.93,0.27,-0.08,-0.02,IDLE2
5.56,-1.27,8.22,0.25,-0.08,0.01,IDLE2
5.54,-0.96,8.04,0.29,-0.07,0.02,IDLE2
6.29,-0.86,7.42,0.29,-0.08,-0.01,IDLE2
6.66,-0.67,7.55,0.27,-0.1,-0.02,IDLE2
6.05,-1.25,8.39,0.26,-0.11,0.01,IDLE2
5.64,-0.98,8.21,0.29,-0.08,0.02,IDLE2
6.04,-0.72,7.46,0.29,-0.07,-0.01,IDLE2
6.03,-0.72,7.43,0.27,-0.08,-0.03,IDLE2
6.09,-1.32,8.03,0.25,-0.1,0.01,IDLE2
6.26,-0.96,8.05,0.29,-0.1,0.02,IDLE2
6.36,-0.78,7.76,0.3,-0.09,-0.0,IDLE2
5.95,-0.74,7.78,0.27,-0.07,-0.02,IDLE2
5.61,-1.24,7.99,0.25,-0.08,0.01,IDLE2
5.78,-1.05,7.79,0.28,-0.08,0.02,IDLE2
6.64,-0.81,7.39,0.29,-0.1,-0.0,IDLE2
6.55,-0.76,7.8,0.27,-0.1,-0.02,IDLE2
5.8,-1.22,8.39,0.25,-0.09,0.01,IDLE2
5.61,-0.94,7.96,0.29,-0.07,0.01,IDLE2
6.19,-0.86,7.35,0.29,-0.08,-0.0,IDLE2
6.26,-0.86,7.45,0.27,-0.09,-0.02,IDLE2
6.22,-1.2,8.14,0.25,-0.11,0.01,IDLE2
6.15,-0.97,8.19,0.29,-0.1,0.02,IDLE2
6.15,-0.79,7.75,0.3,-0.08,0.0,IDLE2
5.91,-0.81,7.66,0.27,-0.07,-0.02,IDLE2
5.86,-1.19,7.97,0.24,-0.09,0.0,IDLE2
6.35,-0.96,7.9,0.29,-0.11,0.02,IDLE2
6.69,-0.79,7.71,0.3,-0.11,0.0,IDLE2
6.26,-0.83,8.07,0.27,-0.09,-0.02,IDLE2
5.51,-1.07,8.31,0.25,-0.07,0.0,IDLE2
5.77,-0.98,7.82,0.28,-0.07,0.01,IDLE2
6.47,-0.96,7.47,0.29,-0.1,0.0,IDLE2
6.57,-0.86,7.85,0.27,-0.1,-0.02,IDLE2
6.17,-1.06,8.29,0.25,-0.1,0.01,IDLE2
5.91,-0.95,8.19,0.29,-0.09,0.02,IDLE2
6.04,-0.87,7.69,0.3,-0.08,0.0,IDLE2
6.1,-0.9,7.58,0.27,-0.08,-0.02,IDLE2
6.13,-1.0,8.04,0.25,-0.1,0.0,IDLE2
6.39,-1.03,8.14,0.29,-0.11,0.02,IDLE2
6.52,-0.89,7.88,0.3,-0.1,0.01,IDLE2
5.97,-0.86,8.02,0.27,-0.07,-0.02,IDLE2
5.56,-0.92,8.03,0.24,-0.07,-0.0,IDLE2
6.05,-1.15,7.82,0.28,-0.09,0.01,IDLE2
6.67,-0.91,7.69,0.29,-0.11,0.01,IDLE2
6.42,-0.87,7.96,0.27,-0.09,-0.02,IDLE2
5.66,-0.88,8.36,0.25,-0.07,-0.0,IDLE2
5.78,-1.08,8.2,0.29,-0.08,0.01,IDLE2
6.07,-0.86,7.56,0.29,-0.08,0.01,IDLE2
6.37,-0.98,7.56,0.27,-0.09,-0.02,IDLE2
6.22,-0.88,8.1,0.25,-0.1,0.0,IDLE2
6.12,-1.12,8.35,0.29,-0.09,0.02,IDLE2
6.04,-0.86,7.91,0.3,-0.09,0.01,IDLE2
5.88,-0.83,7.73,0.27,-0.07,-0.02,IDLE2
5.74,-0.96,7.87,0.24,-0.08,-0.01,IDLE2
6.35,-1.14,7.89,0.28,-0.1,0.01,IDLE2
6.59,-0.86,7.94,0.3,-0.11,0.01,IDLE2
6.12,-0.88,8.0,0.27,-0.08,-0.02,IDLE2
5.57,-0.81,7.99,0.25,-0.07,-0.01,IDLE2
5.76,-1.13,7.95,0.28,-0.08,0.01,IDLE2
6.22,-0.93,7.57,0.29,-0.1,0.01,IDLE2
6.56,-0.87,7.59,0.27,-0.1,-0.02,IDLE2
6.16,-0.83,8.16,0.25,-0.1,-0.0,IDLE2
5.84,-1.2,8.28,0.29,-0.09,0.02,IDLE2
5.88,-0.82,7.78,0.29,-0.08,0.01,IDLE2
6.27,-0.91,7.42,0.27,-0.08,-0.02,IDLE2
6.1,-1.01,7.79,0.25,-0.09,-0.01,IDLE2
6.42,-1.17,8.1,0.28,-0.11,0.02,IDLE2
6.25,-0.83,8.04,0.3,-0.1,0.01,IDLE2
6.02,-0.8,7.79,0.28,-0.07,-0.02,IDLE2
5.7,-0.91,7.83,0.25,-0.07,-0.01,IDLE2
6.11,-1.3,7.91,0.27,-0.1,0.02,IDLE2
6.44,-0.83,7.61,0.29,-0.1,0.01,IDLE2
6.69,-0.8,7.75,0.28,-0.1,-0.02,IDLE2
5.87,-0.93,8.36,0.26,-0.09,-0.01,IDLE2
5.63,-1.17,8.22,0.27,-0.08,0.02,IDLE2
5.98,-0.77,7.53,0.29,-0.08,0.01,IDLE2
6.6,-0.98,7.48,0.28,-0.1,-0.02,IDLE2
6.33,-1.04,7.98,0.25,-0.1,-0.01,IDLE2
6.17,-1.16,8.37,0.27,-0.11,0.02,IDLE2
5.97,-0.73,7.85,0.31,-0.09,0.01,IDLE2
6.03,-0.9,7.61,0.28,-0.07,-0.02,IDLE2
5.93,-1.08,7.89,0.24,-0.09,-0.01,IDLE2
6.3,-1.07,8.11,0.27,-0.11,0.02,IDLE2
6.55,-0.71,7.7,0.3,-0.11,0.01,IDLE2
6.45,-0.94,7.94,0.29,-0.1,-0.02,IDLE2
5.64,-1.02,8.34,0.25,-0.07,-0.01,IDLE2
5.63,-1.02,8.03,0.27,-0.08,0.02,IDLE2
6.3,-0.83,7.41,0.31,-0.09,0.01,IDLE2
6.74,-1.04,7.79,0.28,-0.11,-0.01,IDLE2
6.28,-1.04,8.26,0.24,-0.11,-0.01,IDLE2
5.82,-0.94,8.41,0.27,-0.09,0.02,IDLE2
5.88,-0.74,7.66,0.31,-0.08,0.0,IDLE2
6.21,-1.04,7.53,0.28,-0.08,-0.02,IDLE2
6.19,-1.08,7.93,0.24,-0.1,-0.01,IDLE2
6.19,-0.85,8.23,0.27,-0.1,0.02,IDLE2
6.44,-0.77,7.83,0.31,-0.1,0.01,IDLE2
6.21,-1.02,7.98,0.28,-0.09,-0.02,IDLE2
5.56,-0.97,8.03,0.24,-0.07,-0.01,IDLE2
5.79,-0.9,7.89,0.27,-0.08,0.01,IDLE2
6.61,-0.91,7.62,0.31,-0.11,0.01,IDLE2
6.59,-1.03,8.03,0.28,-0.11,-0.01,IDLE2
6.0,-0.98,8.38,0.24,-0.1,-0.01,IDLE2
5.58,-0.81,8.27,0.28,-0.08,0.01,IDLE2
5.98,-0.94,7.62,0.31,-0.08,0.01,IDLE2
6.43,-1.15,7.66,0.27,-0.1,-0.01,IDLE2
6.29,-0.85,7.96,0.24,-0.1,-0.01,IDLE2
6.01,-0.83,8.29,0.28,-0.09,0.01,IDLE2
6.19,-0.97,7.93,0.31,-0.09,0.01,IDLE2
6.0,-1.03,7.95,0.27,-0.08,-0.01,IDLE2
5.7,-0.85,7.81,0.24,-0.07,-0.01,IDLE2
6.13,-0.9,7.9,0.27,-0.09,0.01,IDLE2
6.62,-1.1,7.94,0.31,-0.11,0.01,IDLE2
6.22,-1.02,8.17,0.28,-0.09,-0.01,IDLE2
5.67,-0.81,8.31,0.25,-0.07,-0.01,IDLE2
5.54,-0.84,8.02,0.28,-0.07,0.01,IDLE2
6.22,-1.18,7.6,0.3,-0.09,0.01,IDLE2
6.6,-1.03,7.75,0.27,-0.11,-0.01,IDLE2
6.1,-0.75,8.16,0.25,-0.09,-0.01,IDLE2
5.76,-0.88,8.17,0.28,-0.08,0.01,IDLE2
6.02,-1.13,7.95,0.31,-0.09,0.01,IDLE2
5.95,-0.96,7.71,0.27,-0.08,-0.01,IDLE2
5.94,-0.85,7.73,0.24,-0.08,-0.01,IDLE2
6.32,-0.89,7.93,0.28,-0.1,0.01,IDLE2
6.42,-1.17,8.08,0.31,-0.11,0.02,IDLE2
5.96,-0.96,7.97,0.28,-0.08,-0.01,IDLE2
5.47,-0.73,8.05,0.25,-0.06,-0.02,IDLE2
5.74,-0.94,7.74,0.27,-0.08,0.01,IDLE2
6.55,-1.21,7.67,0.3,-0.11,0.02,IDLE2
6.54,-0.92,7.95,0.28,-0.11,-0.0,IDLE2
5.85,-0.68,8.21,0.25,-0.08,-0.02,IDLE2
5.72,-0.92,8.01,0.28,-0.08,0.01,IDLE2
5.96,-1.15,7.86,0.3,-0.09,0.02,IDLE2
6.1,-1.02,7.6,0.27,-0.08,-0.01,IDLE2
6.19,-0.69,7.72,0.25,-0.09,-0.02,IDLE2
6.31,-0.96,8.09,0.28,-0.11,0.01,IDLE2
6.1,-1.26,8.22,0.3,-0.1,0.02,IDLE2
5.8,-0.81,7.82,0.27,-0.07,-0.01,IDLE2
5.57,-0.63,7.68,0.25,-0.06,-0.02,IDLE2
6.15,-1.12,7.71,0.27,-0.1,0.01,IDLE2
6.58,-1.24,8.03,0.3,-0.12,0.02,IDLE2
6.25,-0.86,8.11,0.28,-0.09,-0.01,IDLE2
5.7,-0.57,8.06,0.26,-0.06,-0.02,IDLE2
5.75,-1.1,7.88,0.27,-0.08,0.01,IDLE2
5.98,-1.29,7.87,0.29,-0.09,0.02,IDLE2
6.37,-0.92,7.65,0.27,-0.09,-0.01,IDLE2
6.3,-0.57,7.9,0.26,-0.09,-0.02,IDLE2
6.01,-1.09,8.24,0.28,-0.1,0.01,IDLE2
5.85,-1.23,8.19,0.3,-0.09,0.02,IDLE2
5.92,-0.85,7.61,0.27,-0.07,-0.01,IDLE2
5.83,-0.61,7.6,0.25,-0.07,-0.02,IDLE2
6.42,-1.13,7.85,0.28,-0.11,0.01,IDLE2
6.43,-1.23,8.27,0.3,-0.12,0.03,IDLE2
5.94,-0.85,8.06,0.28,-0.08,-0.01,IDLE2
5.61,-0.45,7.68,0.26,-0.05,-0.03,IDLE2
5.99,-1.2,7.85,0.27,-0.09,0.01,IDLE2
6.42,-1.33,8.1,0.29,-0.12,0.03,IDLE2
6.47,-0.82,7.81,0.27,-0.1,-0.0,IDLE2
6.11,-0.47,7.96,0.26,-0.08,-0.02,IDLE2
5.83,-1.15,8.23,0.28,-0.08,0.01,IDLE2
5.75,-1.28,8.14,0.29,-0.09,0.02,IDLE2
6.14,-0.83,7.57,0.28,-0.08,-0.01,IDLE2
6.22,-0.54,7.53,0.26,-0.08,-0.02,IDLE2
6.47,-1.18,8.16,0.28,-0.11,0.01,IDLE2
6.07,-1.3,8.45,0.29,-0.11,0.03,IDLE2
5.8,-0.69,7.87,0.28,-0.06,-0.01,IDLE2
5.86,-0.49,7.37,0.26,-0.06,-0.03,IDLE2
6.27,-1.36,7.98,0.27,-0.1,0.01,IDLE2
6.4,-1.31,8.11,0.28,-0.12,0.03,IDLE2
6.41,-0.69,7.95,0.28,-0.09,-0.01,IDLE2
5.93,-0.46,7.91,0.27,-0.07,-0.03,IDLE2
5.68,-1.3,8.17,0.27,-0.08,0.01,IDLE2
5.87,-1.26,8.01,0.28,-0.09,0.03,IDLE2
6.49,-0.73,7.54,0.28,-0.09,-0.01,IDLE2
6.45,-0.47,7.56,0.26,-0.09,-0.02,IDLE2
6.21,-1.29,8.34,0.28,-0.1,0.01,IDLE2
5.76,-1.17,8.36,0.29,-0.09,0.03,IDLE2
5.86,-0.68,7.6,0.28,-0.06,-0.01,IDLE2
6.14,-0.59,7.38,0.27,-0.07,-0.03,IDLE2
6.47,-1.38,8.13,0.27,-0.11,0.01,IDLE2
6.38,-1.15,8.24,0.29,-0.12,0.03,IDLE2
6.14,-0.75,8.0,0.29,-0.08,-0.01,IDLE2
5.81,-0.48,7.7,0.27,-0.06,-0.03,IDLE2
5.79,-1.4,7.99,0.27,-0.09,0.01,IDLE2
6.16,-1.21,7.93,0.28,-0.1,0.03,IDLE2
6.51,-0.67,7.76,0.29,-0.09,-0.01,IDLE2
6.4,-0.48,7.75,0.27,-0.09,-0.03,IDLE2
5.93,-1.35,8.44,0.27,-0.09,0.01,IDLE2
5.6,-1.09,8.2,0.29,-0.08,0.02,IDLE2
6.02,-0.76,7.46,0.28,-0.07,-0.01,IDLE2
6.52,-0.57,7.41,0.27,-0.09,-0.03,IDLE2
6.33,-1.32,8.33,0.27,-0.11,0.01,IDLE2
6.11,-1.16,8.41,0.29,-0.11,0.03,IDLE2
5.89,-0.71,7.86,0.29,-0.07,-0.01,IDLE2
5.88,-0.45,7.3,0.27,-0.06,-0.03,IDLE2
6.11,-1.46,7.94,0.26,-0.1,0.01,IDLE2
6.29,-1.13,8.14,0.28,-0.11,0.03,IDLE2
6.31,-0.66,7.83,0.29,-0.08,-0.01,IDLE2
6.17,-0.52,7.84,0.27,-0.08,-0.03,IDLE2
5.73,-1.31,8.23,0.27,-0.08,0.01,IDLE2
5.65,-1.18,8.03,0.28,-0.08,0.02,IDLE2
6.33,-0.76,7.4,0.28,-0.08,-0.01,IDLE2
6.64,-0.52,7.54,0.27,-0.09,-0.02,IDLE2
6.1,-1.39,8.35,0.27,-0.11,0.01,IDLE2
5.85,-1.17,8.4,0.28,-0.1,0.03,IDLE2
5.81,-0.61,7.62,0.29,-0.06,-0.01,IDLE2
6.1,-0.57,7.26,0.27,-0.07,-0.03,IDLE2
6.37,-1.47,8.02,0.26,-0.11,0.01,IDLE2
6.23,-1.11,8.27,0.28,-0.11,0.03,IDLE2
6.06,-0.69,7.8,0.29,-0.08,-0.01,IDLE2
5.91,-0.49,7.74,0.27,-0.06,-0.03,IDLE2
5.79,-1.38,8.0,0.26,-0.08,0.01,IDLE2
5.91,-1.2,7.96,0.28,-0.1,0.03,IDLE2
6.5,-0.65,7.57,0.29,-0.09,-0.01,IDLE2
6.45,-0.55,7.74,0.28,-0.09,-0.03,IDLE2
5.86,-1.45,8.35,0.26,-0.09,0.01,IDLE2
5.62,-1.13,8.33,0.28,-0.09,0.03,IDLE2
5.88,-0.62,7.41,0.29,-0.06,-0.01,IDLE2
6.45,-0.64,7.34,0.27,-0.08,-0.03,IDLE2
6.45,-1.47,8.22,0.26,-0.12,0.01,IDLE2
5.89,-1.02,8.4,0.28,-0.1,0.03,IDLE2
5.94,-0.57,7.67,0.3,-0.07,-0.01,IDLE2
5.88,-0.56,7.48,0.28,-0.06,-0.03,IDLE2
5.94,-1.58,7.98,0.25,-0.1,0.01,IDLE2
6.16,-1.02,7.99,0.27,-0.1,0.02,IDLE2
6.54,-0.53,7.71,0.3,-0.09,-0.01,IDLE2
6.23,-0.71,7.91,0.28,-0.08,-0.03,IDLE2
5.63,-1.45,8.2,0.25,-0.09,0.01,IDLE2
5.54,-0.97,8.06,0.27,-0.08,0.02,IDLE2
6.22,-0.7,7.33,0.29,-0.08,-0.01,IDLE2
6.67,-0.69,7.53,0.28,-0.1,-0.03,IDLE2
6.19,-1.49,8.46,0.25,-0.11,0.01,IDLE2
5.67,-0.89,8.24,0.28,-0.08,0.02,IDLE2
5.95,-0.59,7.41,0.3,-0.07,-0.01,IDLE2
6.03,-0.68,7.37,0.27,-0.07,-0.03,IDLE2
6.2,-1.54,8.06,0.25,-0.11,0.01,IDLE2
6.21,-0.89,8.09,0.28,-0.11,0.02,IDLE2
6.31,-0.67,7.77,0.3,-0.08,-0.01,IDLE2
6.05,-0.76,7.78,0.28,-0.07,-0.03,IDLE2
5.69,-1.43,8.13,0.24,-0.09,0.01,IDLE2
5.69,-0.98,7.86,0.28,-0.08,0.02,IDLE2
6.55,-0.7,7.35,0.3,-0.09,-0.01,IDLE2
6.65,-0.75,7.82,0.28,-0.1,-0.02,IDLE2
5.83,-1.39,8.6,0.25,-0.1,0.01,IDLE2
5.48,-0.83,8.12,0.28,-0.07,0.02,IDLE2
6.19,-0.73,7.27,0.3,-0.08,-0.01,IDLE2
6.36,-0.9,7.47,0.27,-0.09,-0.03,IDLE2
6.27,-1.4,8.28,0.25,-0.12,0.02,IDLE2
6.03,-0.84,8.25,0.28,-0.1,0.02,IDLE2
6.16,-0.71,7.61,0.31,-0.08,-0.01,IDLE2
5.97,-0.84,7.64,0.27,-0.08,-0.03,IDLE2
5.84,-1.39,8.13,0.24,-0.09,0.01,IDLE2
6.02,-0.89,7.75,0.28,-0.09,0.02,IDLE2
6.72,-0.71,7.53,0.3,-0.1,-0.0,IDLE2
6.34,-0.9,8.07,0.28,-0.1,-0.02,IDLE2
5.54,-1.25,8.4,0.25,-0.08,0.01,IDLE2
5.64,-0.82,7.86,0.28,-0.07,0.01,IDLE2
6.55,-0.89,7.31,0.3,-0.1,-0.0,IDLE2
6.56,-0.94,7.6,0.27,-0.1,-0.02,IDLE2
6.16,-1.24,8.41,0.24,-0.11,0.01,IDLE2
5.84,-0.82,8.18,0.29,-0.08,0.02,IDLE2
6.09,-0.75,7.54,0.3,-0.08,-0.0,IDLE2
6.12,-1.02,7.61,0.27,-0.08,-0.02,IDLE2
6.06,-1.19,8.17,0.24,-0.1,0.01,IDLE2
6.27,-0.82,7.86,0.29,-0.1,0.02,IDLE2
6.61,-0.81,7.73,0.3,-0.1,0.0,IDLE2
6.09,-0.98,8.06,0.27,-0.08,-0.02,IDLE2
5.46,-1.15,8.16,0.24,-0.08,0.01,IDLE2
5.91,-0.88,7.67,0.29,-0.08,0.01,IDLE2
6.8,-0.9,7.52,0.3,-0.11,0.0,IDLE2
6.49,-1.0,8.09,0.27,-0.1,-0.02,IDLE2
5.84,-1.15,8.55,0.24,-0.09,0.01,IDLE2
5.66,-0.8,8.06,0.29,-0.07,0.01,IDLE2
6.15,-0.87,7.45,0.3,-0.08,-0.0,IDLE2
6.36,-1.11,7.68,0.27,-0.09,-0.02,IDLE2
6.14,-1.05,8.31,0.24,-0.1,0.01,IDLE2
6.03,-0.79,8.19,0.29,-0.09,0.01,IDLE2
6.35,-0.81,7.78,0.31,-0.09,0.0,IDLE2
5.92,-1.0,7.87,0.27,-0.08,-0.02,IDLE2
5.62,-1.14,8.14,0.23,-0.08,0.0,IDLE2
6.25,-0.82,7.74,0.29,-0.09,0.01,IDLE2
6.79,-0.86,7.73,0.31,-0.11,0.01,IDLE2
6.18,-1.06,8.17,0.27,-0.09,-0.02,IDLE2
5.58,-1.11,8.55,0.24,-0.08,0.01,IDLE2
5.62,-0.78,7.85,0.29,-0.07,0.01,IDLE2
6.39,-0.97,7.35,0.3,-0.09,0.0,IDLE2
6.63,-1.02,7.81,0.27,-0.11,-0.02,IDLE2
5.95,-1.04,8.53,0.24,-0.1,0.01,IDLE2
5.77,-0.78,8.14,0.29,-0.07,0.01,IDLE2
6.22,-0.81,7.62,0.31,-0.08,0.0,IDLE2
6.04,-1.04,7.67,0.27,-0.08,-0.02,IDLE2
5.87,-1.19,8.21,0.23,-0.09,0.01,IDLE2
6.3,-0.7,7.92,0.29,-0.09,0.01,IDLE2
6.57,-0.9,7.76,0.31,-0.1,0.01,IDLE2
6.0,-1.16,8.11,0.28,-0.08,-0.02,IDLE2
5.37,-0.98,8.13,0.23,-0.07,0.0,IDLE2
5.73,-0.68,7.68,0.28,-0.07,0.01,IDLE2
6.79,-1.01,7.4,0.31,-0.11,0.0,IDLE2
6.57,-1.18,8.08,0.27,-0.12,-0.01,IDLE2
5.55,-0.92,8.53,0.23,-0.08,0.0,IDLE2
5.69,-0.59,7.71,0.29,-0.06,0.0,IDLE2
6.31,-1.1,7.49,0.31,-0.09,0.01,IDLE2
6.23,-1.32,7.75,0.27,-0.1,-0.02,IDLE2
6.0,-0.96,8.16,0.22,-0.09,0.01,IDLE2
6.23,-0.6,7.9,0.3,-0.09,0.01,IDLE2
6.29,-1.05,7.81,0.32,-0.1,0.01,IDLE2
5.86,-1.24,7.93,0.27,-0.08,-0.02,IDLE2
5.64,-0.79,7.9,0.23,-0.08,-0.0,IDLE2
6.11,-0.71,7.53,0.29,-0.09,0.01,IDLE2
6.79,-0.98,7.73,0.31,-0.12,0.01,IDLE2
6.33,-1.22,8.24,0.27,-0.1,-0.01,IDLE2
5.37,-0.74,8.34,0.23,-0.06,-0.0,IDLE2
5.72,-0.7,7.55,0.3,-0.07,0.0,IDLE2
6.49,-1.17,7.52,0.31,-0.11,0.01,IDLE2
6.53,-1.29,7.78,0.27,-0.11,-0.02,IDLE2
6.01,-0.79,8.26,0.23,-0.1,0.0,IDLE2
5.9,-0.72,7.99,0.3,-0.08,0.01,IDLE2
6.13,-1.05,7.78,0.31,-0.09,0.01,IDLE2
6.07,-1.2,7.73,0.26,-0.09,-0.02,IDLE2
5.92,-0.68,7.92,0.23,-0.09,-0.0,IDLE2
6.35,-0.73,7.65,0.3,-0.1,0.01,IDLE2
6.65,-1.09,7.92,0.31,-0.11,0.01,IDLE2
6.04,-1.18,8.26,0.27,-0.09,-0.01,IDLE2
5.33,-0.57,7.98,0.23,-0.06,-0.01,IDLE2
6.03,-0.87,7.52,0.3,-0.08,0.0,IDLE2
6.74,-1.28,7.76,0.3,-0.12,0.02,IDLE2
6.56,-1.15,8.04,0.26,-0.11,-0.01,IDLE2
5.77,-0.57,8.28,0.24,-0.08,-0.0,IDLE2
5.83,-0.82,7.9,0.3,-0.07,0.0,IDLE2
6.1,-1.2,7.75,0.3,-0.09,0.01,IDLE2
6.25,-1.21,7.79,0.26,-0.09,-0.01,IDLE2
6.15,-0.47,7.86,0.24,-0.09,-0.01,IDLE2
6.22,-0.98,8.09,0.3,-0.1,0.01,IDLE2
6.3,-1.2,8.07,0.31,-0.11,0.02,IDLE2
5.85,-1.07,7.99,0.26,-0.07,-0.02,IDLE2
5.62,-0.57,7.67,0.24,-0.07,-0.01,IDLE2
6.32,-1.04,7.72,0.29,-0.1,0.01,IDLE2
6.63,-1.11,7.98,0.3,-0.12,0.02,IDLE2
6.16,-1.01,8.18,0.27,-0.09,-0.01,IDLE2
5.58,-0.61,8.23,0.25,-0.07,-0.01,IDLE2
5.68,-0.98,7.88,0.29,-0.07,0.0,IDLE2
6.2,-1.13,7.67,0.29,-0.1,0.01,IDLE2
6.59,-1.03,7.76,0.27,-0.1,-0.01,IDLE2
6.04,-0.55,8.04,0.25,-0.09,-0.01,IDLE2
5.86,-1.07,8.16,0.29,-0.08,0.01,IDLE2
6.0,-1.01,8.0,0.3,-0.09,0.01,IDLE2
5.97,-0.93,7.66,0.27,-0.08,-0.02,IDLE2
5.98,-0.72,7.69,0.24,-0.08,-0.01,IDLE2
6.41,-1.07,7.96,0.28,-0.11,0.01,IDLE2
6.34,-1.07,8.06,0.3,-0.11,0.02,IDLE2
5.98,-1.0,7.97,0.28,-0.08,-0.02,IDLE2
5.53,-0.63,7.99,0.25,-0.06,-0.01,IDLE2
5.79,-1.11,7.8,0.28,-0.08,0.01,IDLE2
6.43,-1.11,7.62,0.3,-0.11,0.01,IDLE2
6.63,-0.99,7.93,0.28,-0.1,-0.01,IDLE2
5.83,-0.63,8.28,0.25,-0.08,-0.01,IDLE2
5.63,-1.02,8.15,0.28,-0.08,0.01,IDLE2
5.89,-1.0,7.79,0.3,-0.08,0.01,IDLE2
6.22,-1.08,7.56,0.27,-0.08,-0.01,IDLE2
6.25,-0.69,7.83,0.25,-0.09,-0.01,IDLE2
6.22,-0.98,8.21,0.28,-0.1,0.01,IDLE2
6.04,-1.07,8.05,0.31,-0.1,0.01,IDLE2
5.93,-0.95,7.77,0.27,-0.07,-0.01,IDLE2
5.8,-0.69,7.66,0.24,-0.07,-0.02,IDLE2
6.08,-1.01,7.81,0.28,-0.09,0.01,IDLE2
6.68,-1.11,7.85,0.3,-0.12,0.01,IDLE2
6.35,-1.03,8.13,0.27,-0.1,-0.01,IDLE2
5.55,-0.62,8.14,0.25,-0.06,-0.02,IDLE2
5.64,-0.96,7.81,0.28,-0.07,0.01,IDLE2
6.32,-1.27,7.71,0.3,-0.11,0.02,IDLE2
6.5,-1.16,7.69,0.27,-0.1,-0.01,IDLE2
6.15,-0.61,8.0,0.24,-0.09,-0.01,IDLE2
5.96,-0.9,8.15,0.29,-0.09,0.01,IDLE2
5.96,-1.21,8.09,0.3,-0.09,0.02,IDLE2
5.98,-1.02,7.69,0.27,-0.08,-0.01,IDLE2
6.06,-0.57,7.56,0.24,-0.08,-0.02,IDLE2
6.36,-0.94,7.79,0.28,-0.1,0.01,IDLE2
6.52,-1.24,8.15,0.31,-0.12,0.02,IDLE2
5.97,-1.01,8.14,0.27,-0.08,-0.01,IDLE2
5.48,-0.39,7.69,0.25,-0.05,-0.02,IDLE2
6.02,-1.14,7.62,0.28,-0.09,0.0,IDLE2
6.5,-1.4,8.09,0.29,-0.12,0.02,IDLE2
6.55,-0.94,7.89,0.27,-0.11,-0.0,IDLE2
5.99,-0.38,7.99,0.26,-0.08,-0.02,IDLE2
5.82,-1.03,8.05,0.29,-0.08,0.01,IDLE2
5.89,-1.4,8.07,0.29,-0.09,0.02,IDLE2
6.21,-0.96,7.59,0.26,-0.09,-0.01,IDLE2
6.31,-0.3,7.64,0.26,-0.09,-0.02,IDLE2
6.43,-1.04,7.93,0.29,-0.11,0.01,IDLE2
6.19,-1.36,8.33,0.3,-0.11,0.02,IDLE2
5.84,-0.88,7.88,0.27,-0.07,-0.01,IDLE2
5.69,-0.31,7.46,0.26,-0.06,-0.02,IDLE2
6.33,-1.26,7.88,0.28,-0.1,0.01,IDLE2
6.53,-1.36,8.27,0.29,-0.12,0.03,IDLE2
6.42,-0.86,8.03,0.27,-0.1,-0.0,IDLE2
5.72,-0.33,8.01,0.26,-0.06,-0.02,IDLE2
5.77,-1.16,7.97,0.29,-0.08,0.0,IDLE2
6.09,-1.4,7.97,0.28,-0.1,0.02,IDLE2
6.43,-0.87,7.69,0.27,-0.1,-0.0,IDLE2
6.24,-0.27,7.81,0.27,-0.08,-0.02,IDLE2
6.29,-1.19,8.19,0.29,-0.1,0.01,IDLE2
5.89,-1.35,8.4,0.29,-0.1,0.03,IDLE2
5.77,-0.79,7.7,0.27,-0.07,-0.01,IDLE2
6.03,-0.41,7.4,0.26,-0.07,-0.03,IDLE2
6.59,-1.39,8.07,0.28,-0.11,0.01,IDLE2
6.22,-1.31,8.45,0.28,-0.11,0.03,IDLE2
6.02,-0.83,8.12,0.28,-0.08,-0.0,IDLE2
5.67,-0.27,7.71,0.27,-0.05,-0.03,IDLE2
5.96,-1.42,7.92,0.28,-0.09,0.01,IDLE2
6.26,-1.43,8.07,0.28,-0.11,0.03,IDLE2
6.38,-0.67,7.9,0.28,-0.09,-0.0,IDLE2
6.1,-0.32,7.81,0.28,-0.07,-0.03,IDLE2
6.07,-1.38,8.35,0.29,-0.09,0.01,IDLE2
5.7,-1.33,8.31,0.28,-0.09,0.03,IDLE2
5.9,-0.73,7.53,0.27,-0.07,-0.01,IDLE2
6.44,-0.35,7.36,0.27,-0.08,-0.03,IDLE2
6.47,-1.51,8.3,0.28,-0.12,0.01,IDLE2
5.84,-1.26,8.49,0.28,-0.1,0.03,IDLE2
5.79,-0.66,7.95,0.28,-0.06,-0.01,IDLE2
5.78,-0.25,7.33,0.27,-0.05,-0.03,IDLE2
6.26,-1.61,7.99,0.28,-0.1,0.01,IDLE2
6.34,-1.24,8.22,0.27,-0.12,0.03,IDLE2
6.2,-0.61,7.9,0.28,-0.08,-0.01,IDLE2
5.98,-0.33,7.66,0.28,-0.06,-0.03,IDLE2
5.86,-1.48,8.27,0.28,-0.09,0.01,IDLE2
5.73,-1.27,8.09,0.27,-0.09,0.03,IDLE2
6.22,-0.72,7.48,0.28,-0.08,-0.01,IDLE2
6.56,-0.3,7.51,0.28,-0.09,-0.03,IDLE2
6.22,-1.58,8.44,0.28,-0.11,0.01,IDLE2
5.6,-1.13,8.38,0.27,-0.09,0.03,IDLE2
5.82,-0.58,7.37,0.28,-0.06,-0.01,IDLE2
6.06,-0.34,7.18,0.27,-0.06,-0.03,IDLE2
6.54,-1.61,8.04,0.27,-0.12,0.01,IDLE2
6.22,-1.16,8.39,0.27,-0.12,0.03,IDLE2
5.92,-0.61,7.78,0.29,-0.07,-0.01,IDLE2
5.93,-0.34,7.34,0.28,-0.06,-0.04,IDLE2
5.9,-1.56,8.01,0.27,-0.09,0.01,IDLE2
5.97,-1.3,8.02,0.27,-0.1,0.03,IDLE2
6.39,-0.57,7.55,0.28,-0.09,-0.01,IDLE2
6.46,-0.34,7.6,0.28,-0.08,-0.03,IDLE2
5.94,-1.65,8.37,0.27,-0.1,0.01,IDLE2
5.52,-1.14,8.24,0.26,-0.08,0.03,IDLE2
6.11,-0.57,7.27,0.29,-0.07,-0.01,IDLE2
6.47,-0.43,7.2,0.28,-0.08,-0.03,IDLE2
6.55,-1.65,8.23,0.27,-0.12,0.01,IDLE2
5.86,-1.17,8.53,0.27,-0.11,0.03,IDLE2
5.83,-0.5,7.6,0.29,-0.06,-0.01,IDLE2
6.12,-0.46,7.2,0.28,-0.07,-0.03,IDLE2
6.31,-1.81,8.03,0.26,-0.12,0.01,IDLE2
6.15,-1.18,8.16,0.27,-0.11,0.03,IDLE2
6.41,-0.53,7.66,0.29,-0.09,-0.01,IDLE2
6.22,-0.4,7.66,0.29,-0.07,-0.03,IDLE2
5.79,-1.68,8.2,0.26,-0.09,0.01,IDLE2
5.62,-1.11,8.0,0.26,-0.09,0.03,IDLE2
6.47,-0.56,7.28,0.29,-0.09,-0.01,IDLE2
6.7,-0.4,7.33,0.29,-0.09,-0.03,IDLE2
6.36,-1.68,8.39,0.27,-0.12,0.01,IDLE2
5.53,-1.06,8.38,0.27,-0.09,0.03,IDLE2
5.85,-0.51,7.33,0.29,-0.06,-0.01,IDLE2
6.42,-0.62,7.2,0.29,-0.08,-0.03,IDLE2
6.48,-1.73,8.21,0.25,-0.13,0.01,IDLE2
6.16,-1.04,8.33,0.26,-0.11,0.03,IDLE2
6.19,-0.55,7.68,0.3,-0.08,-0.01,IDLE2
6.08,-0.48,7.54,0.29,-0.07,-0.03,IDLE2
5.89,-1.75,8.09,0.25,-0.1,0.01,IDLE2
5.92,-1.01,7.98,0.26,-0.1,0.03,IDLE2
6.6,-0.48,7.47,0.3,-0.09,-0.0,IDLE2
6.67,-0.48,7.6,0.29,-0.09,-0.03,IDLE2
6.02,-1.72,8.49,0.26,-0.1,0.01,IDLE2
5.42,-0.95,8.3,0.26,-0.08,0.03,IDLE2
6.03,-0.59,7.26,0.29,-0.07,-0.01,IDLE2
6.72,-0.68,7.35,0.29,-0.1,-0.03,IDLE2
6.4,-1.66,8.45,0.25,-0.12,0.01,IDLE2
5.98,-1.01,8.46,0.27,-0.11,0.03,IDLE2
5.96,-0.53,7.66,0.3,-0.07,-0.01,IDLE2
6.11,-0.55,7.39,0.29,-0.07,-0.03,IDLE2
6.13,-1.78,8.09,0.24,-0.11,0.01,IDLE2
6.1,-0.89,8.21,0.26,-0.11,0.03,IDLE2
6.41,-0.53,7.7,0.31,-0.09,-0.0,IDLE2
6.45,-0.57,7.77,0.29,-0.09,-0.03,IDLE2
5.81,-1.67,8.47,0.25,-0.09,0.01,IDLE2
5.45,-0.95,8.14,0.26,-0.08,0.02,IDLE2
6.35,-0.61,7.32,0.3,-0.08,-0.0,IDLE2
6.84,-0.73,7.59,0.29,-0.1,-0.03,IDLE2
6.08,-1.62,8.66,0.24,-0.11,0.01,IDLE2
5.66,-0.93,8.5,0.27,-0.09,0.03,IDLE2
5.88,-0.52,7.54,0.3,-0.07,-0.01,IDLE2
6.28,-0.76,7.35,0.29,-0.08,-0.03,IDLE2
6.32,-1.69,8.23,0.24,-0.12,0.01,IDLE2
6.07,-0.77,8.33,0.27,-0.1,0.02,IDLE2
6.12,-0.63,7.74,0.31,-0.08,-0.0,IDLE2
6.14,-0.7,7.82,0.29,-0.07,-0.03,IDLE2
5.78,-1.58,8.22,0.24,-0.09,0.01,IDLE2
5.76,-0.93,7.96,0.26,-0.09,0.02,IDLE2
6.55,-0.59,7.45,0.31,-0.09,-0.0,IDLE2
6.65,-0.81,7.8,0.29,-0.1,-0.03,IDLE2
5.82,-1.56,8.6,0.24,-0.1,0.01,IDLE2
5.48,-0.85,8.34,0.27,-0.08,0.02,IDLE2
5.91,-0.6,7.36,0.3,-0.07,-0.0,IDLE2
6.62,-0.89,7.34,0.29,-0.09,-0.03,IDLE2
6.42,-1.56,8.31,0.24,-0.12,0.01,IDLE2
5.78,-0.77,8.38,0.27,-0.09,0.02,IDLE2
5.98,-0.62,7.59,0.31,-0.07,-0.01,IDLE2
6.11,-0.74,7.58,0.29,-0.07,-0.03,IDLE2
5.91,-1.62,8.11,0.23,-0.1,0.01,IDLE2
6.05,-0.86,8.03,0.26,-0.1,0.02,IDLE2
6.56,-0.59,7.67,0.31,-0.1,-0.0,IDLE2
6.41,-0.94,7.89,0.29,-0.09,-0.02,IDLE2
5.61,-1.45,8.43,0.23,-0.09,0.01,IDLE2
5.42,-0.81,8.14,0.26,-0.07,0.02,IDLE2
6.21,-0.7,7.29,0.3,-0.08,-0.01,IDLE2
6.85,-0.93,7.53,0.29,-0.1,-0.03,IDLE2
6.18,-1.47,8.58,0.24,-0.12,0.01,IDLE2
5.52,-0.74,8.35,0.27,-0.08,0.02,IDLE2
6.0,-0.65,7.46,0.31,-0.07,-0.01,IDLE2
6.2,-0.91,7.39,0.28,-0.08,-0.03,IDLE2
6.12,-1.58,8.19,0.23,-0.11,0.01,IDLE2
6.11,-0.71,8.18,0.27,-0.1,0.02,IDLE2
6.38,-0.71,7.72,0.32,-0.09,-0.0,IDLE2
6.17,-1.02,7.87,0.29,-0.08,-0.02,IDLE2
5.58,-1.39,8.19,0.23,-0.09,0.0,IDLE2
5.6,-0.76,7.91,0.26,-0.08,0.02,IDLE2
6.6,-0.78,7.35,0.31,-0.1,-0.0,IDLE2
6.76,-1.0,7.84,0.29,-0.11,-0.02,IDLE2
5.78,-1.3,8.64,0.23,-0.09,0.01,IDLE2
5.48,-0.66,8.07,0.28,-0.07,0.01,IDLE2
6.18,-0.84,7.34,0.31,-0.08,-0.0,IDLE2
6.42,-1.08,7.48,0.28,-0.09,-0.02,IDLE2
6.26,-1.36,8.27,0.23,-0.11,0.01,IDLE2
6.02,-0.65,8.21,0.28,-0.1,0.02,IDLE2
6.14,-0.8,7.74,0.32,-0.08,0.0,IDLE2
6.12,-1.0,7.62,0.28,-0.08,-0.02,IDLE2
5.83,-1.33,8.09,0.23,-0.09,0.0,IDLE2
6.16,-0.66,7.88,0.28,-0.1,0.01,IDLE2
6.71,-0.73,7.54,0.31,-0.1,-0.0,IDLE2
6.53,-1.06,8.01,0.28,-0.1,-0.02,IDLE2
5.53,-1.25,8.53,0.23,-0.08,0.01,IDLE2
5.47,-0.67,7.84,0.27,-0.07,0.01,IDLE2
6.49,-0.92,7.32,0.31,-0.1,0.0,IDLE2
6.81,-1.11,7.8,0.28,-0.12,-0.01,IDLE2
6.13,-1.26,8.49,0.23,-0.11,0.01,IDLE2
5.74,-0.67,8.24,0.28,-0.08,0.01,IDLE2
6.09,-0.79,7.56,0.32,-0.08,0.0,IDLE2
6.23,-1.11,7.55,0.27,-0.09,-0.02,IDLE2
6.01,-1.2,8.14,0.23,-0.1,0.0,IDLE2
6.19,-0.58,7.98,0.28,-0.1,0.01,IDLE2
6.59,-0.83,7.73,0.32,-0.1,0.0,IDLE2
6.22,-1.09,8.06,0.28,-0.09,-0.02,IDLE2
5.42,-1.1,8.2,0.23,-0.07,0.0,IDLE2
5.79,-0.69,7.66,0.28,-0.08,0.01,IDLE2
6.76,-0.94,7.47,0.31,-0.11,0.0,IDLE2
6.59,-1.12,8.11,0.28,-0.12,-0.01,IDLE2
5.83,-1.13,8.59,0.23,-0.1,0.01,IDLE2
5.6,-0.6,8.01,0.28,-0.07,0.01,IDLE2
6.15,-0.93,7.47,0.31,-0.08,0.0,IDLE2
6.45,-1.24,7.71,0.27,-0.1,-0.01,IDLE2
6.07,-0.97,8.17,0.23,-0.1,-0.0,IDLE2
6.0,-0.59,8.07,0.29,-0.09,0.01,IDLE2
6.21,-1.05,7.78,0.32,-0.09,0.01,IDLE2
6.0,-1.13,7.94,0.28,-0.08,-0.02,IDLE2
5.53,-1.09,8.07,0.22,-0.08,-0.0,IDLE2
6.15,-0.61,7.65,0.28,-0.09,0.01,IDLE2
6.82,-1.02,7.79,0.32,-0.12,0.01,IDLE2
6.22,-1.15,8.28,0.27,-0.1,-0.01,IDLE2
5.38,-0.85,8.22,0.23,-0.06,-0.01,IDLE2
5.56,-0.6,7.78,0.28,-0.07,0.0,IDLE2
6.36,-1.11,7.44,0.31,-0.1,0.01,IDLE2
6.6,-1.18,7.84,0.27,-0.11,-0.01,IDLE2
5.97,-0.85,8.29,0.23,-0.1,-0.0,IDLE2
5.8,-0.66,8.04,0.29,-0.08,0.01,IDLE2
6.1,-1.11,7.74,0.31,-0.09,0.01,IDLE2
6.0,-1.11,7.76,0.27,-0.08,-0.02,IDLE2
5.84,-0.97,8.0,0.23,-0.08,-0.0,IDLE2
6.34,-0.67,7.84,0.29,-0.1,0.01,IDLE2
6.53,-1.13,7.89,0.31,-0.11,0.01,IDLE2
5.99,-1.13,8.21,0.27,-0.08,-0.01,IDLE2
5.39,-0.72,7.95,0.23,-0.06,-0.01,IDLE2
5.74,-0.72,7.61,0.29,-0.07,0.0,IDLE2
6.68,-1.17,7.47,0.31,-0.11,0.01,IDLE2
6.59,-1.11,8.11,0.27,-0.11,-0.01,IDLE2
5.67,-0.73,8.4,0.23,-0.08,-0.0,IDLE2
5.71,-0.71,7.92,0.29,-0.07,0.0,IDLE2
6.16,-1.17,7.58,0.31,-0.09,0.01,IDLE2
6.24,-1.23,7.73,0.27,-0.09,-0.01,IDLE2
6.05,-0.82,8.03,0.23,-0.09,-0.0,IDLE2
6.25,-0.69,8.01,0.29,-0.1,0.01,IDLE2
6.27,-1.18,7.91,0.31,-0.1,0.01,IDLE2
